公司名称,公司编码
圆通速递,yuantong
中通快递,zhongtong
韵达快递,yunda
极兔速递,jtexpress
申通快递,shentong
京东物流,jd
邮政电商标快,youzhengdsbk
德邦快递,debangkuaidi
邮政标准快递,youzhengbk
菜鸟速递,danniao
中通快运,zhongtongkuaiyun
德邦物流,debangwuliu
跨越速运,kuayue
安能快运,annengwuliu
百世快运,baishiwuliu
顺心捷达,sxjdfreight
韵达快运,yundakuaiyun
顺丰快运,shunfengkuaiyun
京东快运,jingdongkuaiyun
壹米滴答,yimidida
EMS物流,emswuliu
安得物流,annto
日日顺物流,rrs
京广速递,jinguangsudikuaijian
吉时达物流,jsdexpress
优速,youshuwuliu
联昊通,lianhaowuliu
递四方,disifang
信丰物流,xinfengwuliu
速腾快递,suteng
加运美,jiayunmeiwuliu
中集冷云,cccc58
融辉物流,ronghui
平安达腾飞,pingandatengfei
百世快递,huitongkuaidi
安能快递,ane66
汇森速运,huisenky
海信物流,savor
笨鸟速运,benniaosuyun
佳成快递 ,jiacheng
全球捷运,globalexp
全通速递,quantong56
佰纳博通,viechina
宇鑫物流,yuxinwuliu
速通物流,sut56
源安达,yuananda
苏宁物流,suning
百腾物流,baitengwuliu
菜鸟大件,cainiaodajian
聚盟共建,jumstc
顺丰冷链,shunfenglengyun
华欣物流,chinastarlogistics
中通冷链,ztocc
德坤物流,dekuncn
芝麻开门,zhimakaimen
荣庆物流,rokin
宅急送,zhaijisong
货拉拉物流,huolalawuliu
三志物流,sanzhi56
雪域易购,qhxyyg
联邦快递,lianbangkuaidi
凌邦物流,czlbwl
诚和通,cht361
快捷快物流,gdkjk56
盛辉物流,shenghuiwuliu
邮速达,inpostysd
新杰物流,sunjex
可可树美中速运,excocotree
景光物流,jgwl
无忧物流,aliexpress
嘉里大通,jialidatong
超运快递,chaoyun
高铁快运,gaotieex
窝里快购,wlkgo
"岚骏速运	",lanjunsuyun
一速递,oneexpress
中外运物流,sinotrans
宏递快运,hd
金大物流,jindawuliu
袋鼠速递,xjdaishu
盛丰物流,sfwl
鸿泰物流,hnht56
橙联股份,orangeconnex
速必达,subida
秦歌物流,qingewuliu
百米快运,100mexpress
高田物流,gaotian56
佳吉快运,jiajiwuliu
豫德隆物流,hnydl56
鸿华物流,honghua
吉客道,jkdsaas
成都捷信安达物流,jxad56
中盟,zm156
世华通物流,szshihuatong56
YDH,ydhex
科力普物流,colipu
豪康物流,haokangwl
星光大道,xgdd56
安捷物流,anjie88
小米物流,xiaomiwuliu
顺达快递,sundarexpress
城市映急,city56
顺丰-繁体,shunfenghk
四季安物流,sja56
速邮达,suyoda
大田物流,datianwuliu
全联速运,guexp
鸿邦物流,hongbang56
同城快寄,shpost
云聚物流,yunjuwuliu
汇峰物流,huif56
君霖永辉物流,sdyonghui56
西邮寄速递,xyjexpress
耀奇物流,yaoqi
环东物流,huandonglg
小飞侠速递,cyxfx
宇路物流,yulu
贝业物流,boyol
敏華物流,manwah
汇达物流,hdcexpress
安敏物流,anmin56
渡石冷链,dushisc
斑马物流,banma
豪翔物流,haoxiangwuliu
富润德供应链,frd
万家物流,wanjiawuliu
日日顺智慧物联,gooday365
城通物流,chengtong
顺捷达,shunjieda
时安达速递,goex
晟泰物流,shengtai
考拉速递,koalaexp
家家通快递,newsway
邮来速递,youlai
安鲜达,exfresh
金岸物流,jinan
鲸广直运,jg56
速尔快递,suer
玥玛速运,yue777
腾达物流,tengdawl
中健云康,concare
三真驿道,zlink
美通,valueway
凯骐通物流,kqtwl
美乐维冷链物流,mlw
南天物流,nantianwuliu
安迅物流,anxl
贰仟家物流,erqianjia56
华夏快递,huaxiaglobal
联宇物流,lianyu
宇佳物流,yujiawl
宇达物流,szyudawl
优邦速运,ubonex
岑邦物流,cdjx56
广博物流,wxgbwl
远成快运,ycgky
安能运通物流,annengyuntong
大韩通运,cjkoreaexpress
东皓物流,donghao
开源物流,kaiyuan
快捷速递,kuaijiesudi
中速快递,zhongsukuaidi
广州安能聚创物流,gzanjcwl
极速达物流,jsdky
新骐点物流,xqd4000711238
飞康达,feikangda
飞力士物流,flysman
华兴物流,hxlinc
武汉赢运物流,whyywl
雅士物流,yashiwuliu
银雁专送,cfss
捷安达,jieanda
联运通物流,szuem
快捷物流,kuaijiewuliu
禄昌物流,lc56
响华速运,xianghua56
鑫达快递,xindaexp
中邮电商,chinapostcb
丰通快运,ftky365
签收快递,signedexpress
中汲物流,zhongji
传喜物流,chuanxiwuliu
江苏中邮,jscpl
龙俊物流,longjun
全峰快递,quanfengkuaidi
迅达速递,xdexpress
翔宇物流,xiangyuwl56
驿将快运,yijiangky
原飞航,yuanfeihangwuliu
上海生生物流,ashsh
"奔力物流	",blex56
德润鲜邦冷链,drxb
路吉物流,gdlujiwl
恒路物流,hengluwuliu
急先达,jixianda
想乐送,leshines
力展物流,lizhan
全信通快递,quanxintong
春风物流,spring56
飞腾物流,ft56
快速递,ksudi
全际通,quanjitong
瑞云冷链,rycc
红马甲物流,sxhongmajia
联合速运,unitedex
威盛快递,wherexpess
青岛安捷快递,anjiekuaidi
速舟物流,cnspeedster
"继达物流	",gdjida56
久久物流,jiujiuwl
康润物流,kangrun
新易泰,lnet
商桥物流,shangqiao56
天马迅达,tianma
五方速运,wfsywuliu
优速通达,yousutongda
安信达,anxindakuaixi
次晨达物流,ccd
飞速物流,feisu
新竹物流HCT,hctexpress
聚鼎物流,juding
鲲鹏顺达物流,kpsd56
丽迅物流,lesoon
联邦快递-英文,lianbangkuaidien
加拿大龙行速运,longcps
royal mail internationa,royal
杰响物流,shbwch
神骏物流,shenjun
正鑫小飞侠,tcxfx
优优速递,youyou
智谷特货,zhiguil
创运物流,zjcy56
一智通,1ziton
博信达,boxinda
彩丰物流,caifengwl
鑫宸物流,cdxinchen56
科捷物流,kejie
配思货运,peisihuoyunkuaidi
极地快递,polarexpress
泰进物流,taijin
九洲物流,wxjzwl
蓝天物流,xflt56
一路发物流,yilufawl
鸢速货运,yuansuhy
中环快递,zhonghuan
明辉物流,zsmhwl
139快递,139express
全程快递,agopost
安世通快递,astexpress
远通盛源,bjytsywl
华中快递,cpsair
大道物流,dadaoex
达发物流,dfwl
东红物流,donghong
飞豹快递,feibaokuaidi
凤凰快递,fenghuangkuaidi
广东通路,guangdongtonglu
黑猫速运,heimao56
黄马甲,huangmajia
佳怡物流,jiayiwuliu
锦程物流,jinchengwuliu
鼎润物流,la911
明亮物流,mingliangwuliu
无限配,omni2
顺捷美中速递,passerbyaexpress
尚橙物流,shangcheng
捷利货运,sjlexpress
嗖一下同城快递,sofast56
天地华宇,tiandihuayu
尚明物流,tianyancha
泰实货运,tjkjwl
天翼快递,tykd
万邦速达,wanbexpress
耀飞同城快递,yaofeikuaidi
黑猫同城送,ynztsy
远盾物流,yuandun
越丰物流,yuefengwuliu
愚公物流,yugong56
鼎昊物流,zgdh56
安家同城快运,anjiatongcheng
邦送物流,bangsongwuliu
卓志速运,chinaicip
ETEEN专线,eteenlog
冠达丰物流,gfdwuliu
天天快物流,guoeryue
光线速递,gxwl
恒邦物流,hengbang
猴急送,hjs
汇捷物流,hjwl
汇强快递,huiqiangkuaidi
无限速递,igcaexpress
捷昌达物流,jcd56
佳吉快递,jiajikuaidi
LBC Express,lbc56
Lite Express,lite56
吉运家物流,luckyexpress
龙兴物流,lx56
速呈,sczpds
特急便物流,sucmj
郑州速捷,sujievip
天辰物流,tianchenwuliu
万家通急送,wanjiatong
小泰智运,wtgyl
伍圆速递,wuyuansudi
银辉物流,yinhui56
一正达速运,yizhengdasuyun
友家速递,youjia
一站通速运,yztex
中邮物流,zhongyouwuliu
明大快递,adaexpress
德方物流,ahdf
卡邦配送,ahkbps
心怡物流,alog
安道达物流,andaoda
澳达国际物流,auadexpress
八达通,bdatong
锋鸟物流,beebird
彪记快递,biaojikuaidi
鑫锐达,bjxsrd
佰乐捷通,bljt56
博峰物流,bofeng
堡昕德速递,bosind
宏桥国际物流,briems
百事亨通,bsht
广州信邦,cbllogistics
钏博物流,cbo56
中迅三方,cd3fwl
城际快递,chengji
荣通国际,chinaqingguan
创新物流,chuangxin56
重庆星程快递,cqxingcheng
疯狂快递,crazyexpress
深圳德创物流,dechuangwuliu
东风全球速递,dfglobalex
递五方云仓,di5pll
云南滇驿物流,dianyi
递达速运,didasuyun
叮咚快递,dingdong
东瀚物流,donghanwl
德淘邦,dt8ang
俄顺达,eshunda
泛球物流,fanqiu
飞快达,feikuaida
富吉速运,fujisuyun
安速供应链,gdasgyl
英脉物流,gml
永邦快递,guangdongyongbang
贵州星程快递,gzxingcheng
海红网送,haihongwangsong
合心速递,hexinexpress
飞豹速递,hkeex
中强物流,hnzqwl
宏品物流,hongpinwuliu
华通快运,htongexpress
汇通天下物流,httx56
华夏货运,huaxiahuoyun
华宇物流,huayuex
户通物流,hutongwuliu
鸿远物流,hyeship
中电华远物流,hywuliu
恒宇运通,hyytes
泛太优达,iex
"爱淘速递	",itaoexpress
骏达快递,jdexpressusa
捷仕,jetstarexp
加佳物流,jiajiawl
近端,jinduan
景顺物流,jingshun
盈通物流,jisu
极速速运,jisukd
九曳供应链,jiuyescm
佳捷翔物流,jjx888
时达通,jssdt56
聚盟物流,jumsz
聚物物流,juwu
嘉里大荣物流,kerrytj
柬埔寨中通,khzto
凯信达,kxda
拉火速运,lahuoex
蓝镖快递,lanbiaokuaidi
立白宝凯物流,lbbk
两点之间,ldzy168
楽道物流,ledaowuliu
乐递供应链,ledii
美联快递,letseml
联运快递,lianyun
成都立即送,lijisong
领送送,lingsong
特急送,lntjs
长风物流,longvast
孟元物流,mengyuan56
南北快运,nbky
星云速递,nebuex
普畅物流,pcwl56
派尔快递,peex
品骏快递,pjbest
龙行天下,pmt0704be
秦邦快运,qbexpress
雪域快递,qhxykd
千里速递,qianli
秦岭智能速运,qinling
庆隆物流,qlx56
全日通,quanritongkuaidi
全速通,quansutong
人人转运,renrenex
日昱物流,riyuwuliu
广东融辉供应链,roh56
日日顺快线,rrskx
全时速运,runhengfeng
叁虎物流,sanhuwuliu
三态速递,santaisudi
四川星程快递,scxingcheng
山西建华,shanxijianhua
圣安物流,shenganwuliu
神州冷链,shenzhoulenglian
王牌快递,shipbyace
世运快递,shiyunkuaidi
双鹤物流,shuanghe
顺捷丰达,shunjiefengda
顺衍物流,shunyanwl
行必达,speeda
申必达,speedoex
速速达,ssd
星速递,starex
星运快递,staryvr
顺通快递,stkd
速豹,subaoex
速呈宅配,sucheng
广东速驰,suchi8
速风快递,sufengkuaidi
穗佳物流,suijiawuliu
新速航,sunspeedy
速品快递,supinexpress
三象速递,sxexpress
老扬州物流,tjlyz56
微特派,weitepai
万家康物流,wjkwl
凡仕特物流,wlfast
重庆青枫物流有限公司,wlfeng
万理诺物流,wln
中邮速递,wondersyd
威时沛运货运,wtdchina
臣邦同城,wto56kj
祥龙运通物流,xianglongyuntong
鑫梦成,xinmengcheng
新宁物流,xinning
鑫宇快运,xinyu
鑫圣邦物流,xsb56
迅速快递,xunsuexpress
迅选物流,xunxuan
武汉优进汇,yjhgo
元智捷诚,yuanzhijiecheng
西安运逸快递,yyexp
招金精炼,zhaojin
正乾物流,zhengqian
鑫正一快递,zhengyikuaidi
中宏物流,zhonghongwl
江西中路物流,zhongluwl
忠信达,zhongxinda
众邮快递,zhongyouex
众派速递,zhpex
卓实快运,zhuoshikuaiyun
达航通,zjdht
准实快运,zsky123
中途速递,ztcce
智通物流,ztong
质效物流,zxwl
众优,zyouexpress
Antron Express,168express
一起飞啊国际速运,17feia
一起投物流,17post56
17 Post Service,17postservice
1号仓,1hcang
金羊城,1hhz
壹世达,1shida
二一八国际物流,218wl
诚天国际,233trans
恒广达,365igo
东莞澳越供应链,51aoyue
易德国际,666post
六洲速通,6zexpress
八星物流,8starexpress
安诚顺国际,acslogstic
艾递爱国际,adakd
安达速递,adapost
安迪达,addwuliu
航飞速达,afterhaul
快驿通,ahclog
"顺善发物流	",ahgbwl
安华国际,ahgjgyl
航美,airmia
AIRTRANS,airtrans
傲林国际,allinlogistics
Alljoy,alljoylogistics
满天星国际物流,allstar56
傲飞国际快线,alphastline
AMSEGROUP,amsegroup
安捷信物流,anjiexin56
美新物流,anlcn
新干线快递,anlexpress
斑头雁国际物流,anserx
安时递,anshidi
安顺兴物流,anshunxing
安逸达,anyida
安运供应链,anyun88
傲海国际,aohaiguoji
澳运国际,aoyunltd
apgecommerce,apgecommerce
广州艾普拉斯,apluslog
阿尔巴特,arbat9
艾瑞斯远,ariesfar
Art Logexpress,artlogexpress
奥特迅供应链,atxexpress
澳鹰物流,auhawk
澳森国际,ausen
澳华国际,austwaycargo
安易达,ayd66
云晖物流,ayh56
八好国际,bahaovip
佰品物流,baipin
佰州国际,baizhouguoji
堡森三通,baosencn
报通快递,baoxianda
巴萨国际,basaexp
巴西达,baxida
皮牙子快递,bazirim
犇犇国际,bbgjwl
佰舱达,bcdexpress
秉诚运通,bcytexp
百达通国际,bdtpost
佰麒快递,beckygo
蜜蜂速递,bee001
beiou express,beiou
贝瑞物流,beiruiexp
贝乙国际,beiyiguoji56
白鲸物流,belugalogcn
奔腾物流,benteng
上海缤纷物流,bflg
包裹云,bgygyl
飞鸟国际物流,birdsystem
路港易通,bjlgyt
青云物流,bjqywl
白马物流,bmwlgj
商盟,bnexp
百年运通,bnyto
博达捷运,bodaexpress
寶利民速遞,bollyman
海程邦达,bondex
波士国际,bossexpress
博克斯供应链,boxexpress
博信国际物流,boxinexpress
百千诚物流,bqcwl
BR1 Express,br1express
佰润供应链,br3346
捷宝,brcang
博威国际,broadway
福州八十八,bsbtt
毕盛国际货运,bsgjhy
柏电科技物流,bsiecommerce
佰事达,bsiscm
邦泰快运,btexpress
Buffalo,buffaloex
百通物流,buytong
蓝鲸物流,bwhale
百运网,by56
佰彦达货运,bydkd
八爪鱼,bzysz
Cacc,cacc
能装能送,canhold
链仓科技,cargodiscovery
嘉利华,carnivalsup
CBL Logistica,cbl
CEL 珲春畅达,celdt
国通快递,cess
城铁速递,cex
超光速国际物流,cgsexpress
畅邮速递,changyousudi
昌晖物流,chcn56
辰达国际物流,chenda
顺阳供应链,chengfeng
城宁供应链,chengning
宸汐国际,chenxiguoji
赤道供应链,chidaogroup
炽恩供应链,chienfba
聚航运,china56
诚晨物流,chinaccscm
国润通,chinagrt
同舟行物流,chinatzx
嘉荣物流,chllog
赛时国际货运,choicexp
科赛尔航运,chrissellgz
创一快递,chuangyi
春红物流,chunhonggyl
亦邦物流,cititrans
超级包裹,cjbgex
CJ Dropshipping,cjdropshipping
创景国际,cjgjwl
CK物流,ckexpress
江苏诚通物流,clcz
可络客国际物流,clocair
晨明坤供应链,cmkexpress
辰诺达国际物流,cndexpress
柯锐德国际,cndock
中欧物流,cneulogistics
贛德,cngood56
盟塔斯,comebox
彗吉科技,comettech
愷瑞物流,craneww
晨睿货满多,crhmd
克里斯兰,crystalline
超时代供应链,csdexpress
常昇国际,csilgroup
新时速物流,csxss
CTC-express,ctcexpress
超兔供应链,ctscm
华贸国际,ctsfreight
诚泰通运,cttyvip888
Cubyn,cubyn
布谷鸟速递,cuckooexpress
诚约轻松递,cvnlog
超跃国际物流,cygjwl
宠悠游宠物托运,cyypet
云南诚中物流,czwlyn
大广发物流,daguangfa
大集同运,dajitongyun
大巨星国际,dajuxing
东昂国际物流,dalog
丹递56,dande56
达速物流,dasu
大洋物流,dayangwuliu
Day One Track,dayonetrack
东帝国际,ddgj
东渡供应链,ddgyl
蒂尔物流,dealfy
德中快递,decnlh
德速电商物流,deksu
帝航供应链,devtrans
德威国际,dewell
递壹时,dexi
大飞速运,dfexpress
DFGL,dflogis
达方物流,dfpost
东晟国际,dgds
辉宇物流,dghyexpress
大戈智慧,dgzhgj
东昊国际,dhgyl56
Dhlink,dhlink
dhluk,dhluk
递八方,dibafang
嘀嗒国际物流,didaexp
递亿物流,diyilog
东阔国际,dk56
DLVD,dlvd
德立迅·快马,dlxchina
大马鹿速运,dmlexpress
大迈云仓,dmyc1688
多发货,dofafo
东鼎物流,dongding
成都东骏物流,dongjun
哆啦任意门,doragate
多杰物流,dorje56
Dotzot,dotzot
逗悦快运,douyue
多普达国际,dpdex
地平线速运,dpxexpress
东谦物流,dqwl
DF物流,dragonfe
Hailify,drivehailify
多途供应链,duotuexpress
多维智慧,dweex
德维国际,dwgjex
DYB,dybservice
德正通,dztlogistics
EBOEXP,ebowxp
Ecom Express,ecomexpress
ECOSCOOTING,ecoscooting
易达快运,edaeuexpress
递速易国际,edelivering
EFSPOST,efspost
汇天国际,ejingtong
广州易连供应链,eliant
昊通国际物流,elitebio
Elog Luxembourg,elogluxembourg
阿联酋(Emirates Post),emiratesen
波兰小包(Poczta Polska),emonitoringen
高考通知书,emsluqu
俄速易,ese
一海通,eshippinggateway
易速国际物流,espeedpost
东方汇,est365
eTower,etowertech
易优包裹,eupackage
Eurodis快递,eurodis
优莎速运,eusacn
长顺海运,everwellmarine
高航达,expghd
探路速运,explorer56
阿玛国际,express168
E2G速递,express2global
灵境供应链,expresslj
E速达,exsuda
易友通,eyoupost
邦太供应链,fafalux
方递物流,fangdi56
凡宇快递,fanyukuaidi
快网,fasternet
速派快递,fastgoexpress
Fast Horse (US),fasthouseus
正途供应链,fastzt
飞邦快递,fbkd
风驰集运,fcgjwl
邦国天下,fcintl
飞驰供应链,fckjexpress
飞狐快递,feihukuaidi
飞速达,feisuda
风驰国际物流,fengchi
风度国际,fengdu56
丰集环球,fengjiglobal
丰盛物流,fengsheng56
丰羿,fengyee
摆渡一下,ferryboatlogistics
壹号专线,firstline56
邮鱼科技,fishpost
飞坦数字物流,fleetan
广州方联物流,flqq56
富莱国际,flycnexp
乘先,flyfastgz
飞特物流,flytexpress
凡士达,fqd56
法运,frayun
飞点跨境供应链,freedomscm
佛山乾和,fsqh
帆盛物流,fswuliu716
法翔速运,ftlexpress
富海物联,fuhai618
孚界国际,fujexp
富利源物流,fuliyuan
货飞,fuuffy
煌运物流,fzhyexp
盖亚国际物流,gaeacn
盖亚物流,gaeaex
嘉盛泓,galaxyex
港通国际,gangtongguoji
能达速递,ganzhongnengda
高翔物流,gaopost
高星超大件,gaoxingcdj
广东诚通物流,gdct56
寄递易,gde56
飞江物流,gdjfly
高登捷诺,gdjn
快船国际,gdkc56
快龙物流,gdkl
全网物流,gdqwwl
容智快运,gdrz58
威速易供应链,gdwse
新鹏快递,gdxp
广东盈寰物流,gdyhwl
环创物流,ghl
广和物流,ghlcn
金客来,gianspeed
巨门跨境,gimen56
冠捷物流,gjwl
全球立达,globalleader
环欧通,globalnetcn
印态跨境,globalrouters
GLS Slovakia,glssk
够快供应链,gofastcn
凌曦物流,goforgps
金威集運,goldenwayexpress
高捷快运,goldjet
共速达,gongsuda
固德供应链,goodexpress
运连网,gotofreight
高迅国际,goxyl
大卖仓,greatsell
格林福德物流,greenroad
哥士传奇速递,gscq365
跨境易通,gti56
GTT EXPRESS快递,gttexpress
广运源国际物流,guangyy56
广州冠世,guanscargo
国顺达物流,guoshunda
国送快运,guosong
贵阳佳吉,gyjjwl
比诺供应链,gzbngyl
宏海供应链,gzbtygj
法斯特国际货运,gzfst
茂业物流,gzmywl
享道供应链,gzxdgyl
货六六,h66
海盟速递,haimengsudi
海星桥快递,haixingqiao
海中转运,haizhongzhuanyun
鸿安国际,halogistics
翰丰快递,hanfengjl
航城供应链,hangchenggyl
航家快运,hangjia
上海航瑞货运,hangrui
航宇快递,hangyu
汉洋物流,hansea
汉信快递,hanxin
瀚轩国际物流,hanxuan
浩海物流,haohaiexpress
皓途国际,haotuguoji
豪翔物流,haoxiang
好又宜物流,haoyouyi
皓宇物流,haoyuwms
广州哈利迅,harlyson
和安物流,hawl
瀚邦国际,hbgyl
海贝通,hbtgj56
慧诚国际物流,hcgj56
鸿昌顺通,hcs168
和邦国际物流,heboon
黑豹物流,heibaowuliu
恒瑞物流,hengrui56
深圳市恒鑫物流,hengxin
环国运物流,hgy56
韩润物流,hgzx
华瀚快递,hhair56
华航吉运,hhjy56
恒好运物流,hhyexpress
莱尔富,hilife
恒捷宇通,hjyt56
環海快運,hkglobalsea
华光国际快运,hkhuaguang
金泰达国际,hkjtd56
聯航捷國際物流,hkunitedfly
华利航,hlhex
共联配,hlpgyl
海联快递,hltop
好来运,hlyex
华美天马国际,hmtmcn
华美快递,hmus
河南航投物流,hncalogistics
飞鹰物流,hnfy
利滴物流,hnlidi
河南全速通,hnqst
顺时达物流,hnssd56
益企发物流,hnyqf
红背心,hongbeixin
宏景科,hongjingke
宏运发物流,hongyunfa56
红远物流,hongywl
honourocean,honourocean
豪速通物流,hostoexp
皇家云仓,hotwms
弘扬物流,hoyangexpress
徽派达国际,hpdexp
禾平物流,hpgjwl
弘鹏物流,hplogistics
国欧物流,hrbguoo
速远同城快递,hrbsydrd
卓烨快递,hrbzykd
高铁速递,hre
锦程快递,hrex
鸿盛达,hsdex
鸿速达,hsdexpress2
华昇国际,hsgjky
海硕高铁速递,hsgtsd
华商国际,hsscm
海淘物流,ht22
慧通,htexpress
恒腾辉,hthgjgyl
环通跨境物流,htkjwl
华达快运,huada
华联万通,huaexpress
华和国际,huaheint
华联港,hualiangang
寰达物流,huandakj
环易国际,huanyi56
华企快运,huaqikuaiyun
华睿通物流,huaruitong
华鑫泰物流,huatai
华熙国际,huaxiexpress
华鑫顺,huaxinshun
巨宝物流,hubologistics
汇霖大货网,huilin56
惠恩物流,huinglobal
慧瑞货运,huiruiwl
兰州伙伴物流,huoban
货代链,huodailian
火箭物流,huojian56
货满舱,huomc
鸿鑫物流,hxgjexp
恒巽物流,hxlogistics
海鑫运通,hxyt56
鸿兴运通,hxytexpress
宏行中运,hxzy
汇驿达,hyd
浩远国际,hyexpress
环越国际专线,hyfba
恒毅国际,hygj168
辉宇国际,hygjlog
好运国际,hygzgj
恒元嘉运,hyjyexp
鸿誉物流,hypro920
广州华亚,hyytgz
洪赞成物流,hzcexpress
川和国际,hzchgj
天鸽快运,hzdr
华航快递,hzpl
禹盛快递,hzys56
大达物流,idada
诚邮达,ieparcel
"精翼运通	",ikyi
捷运达快递,interjz
第一邮,ipostunion
星锐国际物流,isunnyway
超极兔物流,isuperto
景昌物流,jc6688
JCH,jchexp
嘉诚速达,jcsuda
捷丹集运,jdexp
基地国际,jdgj56
捷德供应链,jdgjwl
京递快运,jdkuaiyun
捷丰国际物流,jetf
极兔国际中文,jetzh
君丰国际,jfchinese
锦鸽国际,jgex
金快递,jh77express
佳豪鑫物流,jhx56
加倍达,jiabeida
嘉驰物流,jiachi56
佳家通货运,jiajiatong56
加急送,jiajisong
佳琳供应链,jialin56
嘉瑞国际,jiarui
嘉翔国际物流,jiaxiang
嘉贤物流,jiaxianwuliu
嘉欣国际,jiaxinguoji
佳邮国际,jiayouexp
加州猫速递,jiazhoumao
捷邦物流,jieborne
杰航国际物流,jiehang
捷豪货运,jiehao56
捷世通物流,jieshitong
极脉物流,jimai56
积米,jimmycross
景盛国际物流,jingsheng
金来物流,jinlaiexpress
锦栎国际,jinliexpress
津态瑞,jintery
今越国际,jinyuefreight
晋越快递,jinyuekuaidi
际通国际速递,jitongexp
极通环球,jitoscm
玖安怡,jiuay
玖鼎通,jiudt
九州汇通供应链,jiuhuiwan
久易快递,jiuyicn
广州捷佳,jjglobal
捷立国际,jjwex
金开宇国际物流,jkyexpress
锦联国际物流,jlfba
国迅物流,jmguoxun
骏能达,jndcargo
J-NET捷网,jnet
九猫国际物流,jomalls360
飞盒跨境,joyingbox
景强国际,jqgjwl
金世达,jsdgj56
佳仕达供应链,jsdgyl
急速国际,jsexp
捷顺联运,jsly56
捷顺荣,jsr56
吉通同城,jtotc
吉天下快运,jtx168
广州骏亚,junya56
君羽航,junyuhang
准时达跨境,jusdasr
聚缘物流,juyuanwuliu
聚中大,juzhongda
吉箱物流,jxexpress
集先锋快递,jxfex
嘉信供应链,jxgyl
全航通物流,jxqht
锦绣四方,jxsfexpress
捷优国际,jyexpress
嘉扬国际,jygjgyl
捷易通达,jytd88
剑展物流,jzexp
嘉至国际,jzgjgyl
海源国际,kaigenlogistics
开麦国际,kaimai56
嘉华,kawa
凯秀物流,kco56
棒极啦,kdbjl
嘉里电子商务,kerryecommerce
嘉里环球,kerrytransport
快服务,kfwnet
顺邦科技物流,kjy
快凯国际,kktrans
昆仑速达,kleexpress
可蒙国际,komonexpress
功夫物流,kongfuexpress
港乐速邮,konglok
凯尔凯,kpksz
坤翔国际,krexi
快达物流,kuaidawuliu
快吉通,kuaijitong
快卡,kuaika
港捷快快,kuaikuaicn
快雁,kuaiyan
跨境在线,kuajingline56
跨境壹号,kuajingyihao
跨易达,kuayida
鲲一,kunexpress
桂邦运输,kwaibon
凯欣国际,kxexp
凯旋嘉供应链,kxj56
快越达物流,kydpost
快运联盟,kylm360
蓝弧快递,lanhukuaidi
林安物流,lasy56
蓝豹云仓供应链,lb56
莱比特物流,lbt56
龙本天下,lbtxkd
联程达,lcda56
联超达供应链,lcdgyl
领东国际,ldgj56
龙迅国际物流,ldlog
绿达通供应链,ldtgyl
乐达全球速递,ledaexpress
领盛物流,lepeakfreight
乐伊跨境,leyikj
龙富鼎盛,lfds168
龙浩速运,lhexpress
龙海通达,lhtd56
亮点快运,liangdian
联派达,lianpaida
联烨国际,lianyeint
利葆通旭,libaotongxu
光锥供应链,lightconescm
领讯物流,lingxun
灵韵,lingyunexpress
林瀚国际,linhan56
比特汇国际,linklinkbest
丽狮物流,lishi
六尘国际,liuchenwl
润禾物流,liujiashen
利迅物流,lixunwuliu
六脉速运,lmparcel
琉贝,logbay
随波物流,logisters
LUCFLOW EXPRESS,longfx
隆浪快递,longlangkuaidi
龙信物流,longxingz
龍壹达国际,longyida
龙尚广源快递,lsgykd
链四洲,lsztec
乐天速递,ltexp
利通快递,ltkd
路邦物流,lubang56
好运极达,lucksoon
鲁通快运,lutong
路遥物流,luyao
路尊物流,luzun
种心速运,lxwlgyl
龙运速通,lyst56
乐众物流,lzfba
上海翼瀚,madrooex
迈达通国际,maidatong
迈客丰国际物流,maikf
mailamericas,mailamericas
麦链中国,mailiancn
迈隆递运,mailongdy
芒果速递,mangguo
环世捷运物流,maratrack
MCIH国际快递,mcih
马可达,mctrans
极速鸟,megaswift
美达快递,meidaexpress
美幻国际,meihuan
美捷国际,meijie56
美胜国际,meishengguoji
美泰物流,meitai
蒙川国际,mengchuan
美通达跨境,metooda
迈峰国际,mfgjkd
海豚日本仓,mgoship
梦和爱贸易,mhafly
茂泓国际,mhgjexpress
名航速运,mhsy
杭州幂雅,miaexpress
米多奇国际,miduoqi
米粒物流,miliexpress
银河物流,milkyway
民航快递,minghangkuaidi
铭豪国际,minghao
深圳淼信国际物流,miuson
铭宇国际物流,miyu56
美卡多物流,mkdexpress
MoreLink,morelink56
魔速达,mosuda
MT速运,mtlogistik
猫头鹰国际,mtyexpress
中俄速通（淼信）,mxe56
民祥国际,mxlexp
DIDADI,mydidadi
满壹滴,mydservice
美易国际,myexpress
唛发宝,myfba
myKN,mykn
迈运供应链,myline56
铭志国际,mz56
元昊国际,mzlyuanhao
新亚物流,nalexpress
南京沃源,nanjingwoyuan
早道佳,nbhtt
汇赣武供应链,nchuiganwu
南方传媒物流,ndwl
哪吒速运,nezhasuyun
牛牛达快运,niuniuda
牛仔速运,niuzaiexpress
金陵飞豹快递,njfeibao
浩博物流,njhaobo
南京合纵连横物流,njhzlh
华赫物流,nmhuahe
"诺客来	",nuokelai
诺信特快递,nxtwuliu
南北通国际货代,ofo56
万国国际,ogilogistic
OMG国际速运,omg
久鼎国际,onefly56
埃德维OTW,otwex
波音速递,overseaex
Pandu Logistics,pandulogistics
陪行物流,peixingwuliu
鹏运通物流,pengyuntong
佩奇集运,peppaship
皇家物流,pfcexpress
柏域斯浩航,pgsexp
飞鸽物流,pigeonlogisitcs
Piggycars,piggyship
品速心达快递,pinsuxinda
品信快递,pinxinkuaidi
派刻达,pkdexpress
北极星快运,polarisexpress
极运物流,poleship
PP速运,ppsuyun
博莱跨境,ptblkj
桔洲大道,ptjzdd
派优供应链,pyexpress
急顺通,pzhjst
港宝国际物流,q9610
深圳市全汇通物流,qhtchina
琪悦物流,qiyue
麒麟物流,qlinyun
快美物流,qpe56
千顺快递,qskdyxgs
全川摩运,quanchuan56
全速物流,quansu
景县全一物流,quanyiwuliu
快酷国际,quickcoolexp
去来冷链,qulaitech
全之鑫物流,qzx56
丁点集运,rcostp
元红供应链,redchains
仁速物流,rensu56
仁艺物流,renyi
任远物流,renyuanwuliu
睿和泰速运,rhtexpress
睿捷国际物流,rjexpress
全信速同城,rjtcsd
戎衡物流,rongheng
融跃速运,rongyu
润百特货,runbail
Ruston俄速通,ruston
吉飞国际物流,safly
三乐物流,sanle56
三盛快递,sanshengco
盛德国际墨西哥物流,sanstar
Sca Express,scaexpress
北斗互联,scaleorder
丰程物流,sccod
流通王,scorejp
速佳达快运,scsujiada
闪电猴物流,sdhscm
斯德克国际物流,sdkexpress
首达速运,sdsy888
速达通,sdto
守务国际货运,sedel
景天,sedumhk
十方通物流,sfift
速递管家,sfydexpress
升鸿国际物流,sh9156
穗航物流,shallexp
衫达快运,shanda56
上大物流,shangda
尚方国际,shangfang56
尚途国际货运,shangtuguoji
闪货极速达,shanhuodidi
捎客物流,shaoke
超达国际,shcd56
商海德物流,shd56
圣驰物流,shengchi
盛通快递,shengtongscm
神马快递,shenma
实利配送,shiligyl
阳光快递,shiningexpress
深圳老鹰跨境出口,shipeag
来客乐,shippingitx
苏豪快递,shipsoho
顺昌国际,shunchangguoji
万色速递,shwise
速汇星物流,shxwl
四海捷运,sihiexpress
易普递,sixroad
思捷快递,sjkd
斯格国际,skr56
世宽国际,skuare
鸿海汇国际,skyocean
黑猫跨境物流,smartcat
蓝精灵速递,smurfsexpress
湘粤华通,smwfloor
上海昌迈供应链,solidlogistics
水趣到家,sooeasy
南美邮联,southamericapost
速达非,speedafcncn
加速供应链,sscexp
首通快运,staky
航星国际物流,starglobal
星希望供应链,starwish
深通茂江物流,stmjwl
盛泰物流,stwles
速能物流,suneng
速宝通,superton
速通鸿达,sutonghongda
阳光速运,sxyg
贝拉,szbl56
辰光速达,szcgsd
车联天下,szclyc
川山甲,szcsjwl
程通,szctgyl
承致国际,szczgyl
鼎立通运,szdlty
福都物流,szfd56
巩巩国际,szgg56
海河汇,szhhh56
鸿顺通物流,szhst
汇洋达,szhydo
金斗云物流,szjdy
九融供应链,szjrscm56
嘉洋国际,szjygj
数字中运,szkj56
链客供应链,szlinkexpress
联行供应链,szlxgyl
派格物流,szpago
世纪通物流,szsjtwl
环贸仓配,sztoppost
通邮国际物流,szty56
"兴鹏物流	",szxpwl
中时顺物流,szzss
泰嘉物流,takesend
淘特物流快递,taote
通达物流,tarrive
乐易汇,tdexpress
天地纵横物流,tdzh
亚欧快运TEA,teapost
天府盛,tfs906
天翔快递,tianxiang
天运国际,tianyun
天纵物流,tianzong
挺好国际,tinghaowl
天联快运,tlky
株式会社T.M.G,tmg
泰熊物流,tobkk
通达兴物流,tongdaxing
通和天下,tonghetianxia
通胜物流,tongshengwj
通顺达物流,tongshunda
鼎邮国际货运,toppost
中运全速,topspeedex
Torbon,torbon
德启跨境供应链,tpdex
天扬钧达,tyjdwly
广州泰裕,tylogis
航邦,tzawdz
天正国际,tzgjw
环球通,ucorreos
合众速递,ucsus
邮鸽速运,ugoexpress
优联吉运,uluckex
骏佳国际,uofexp
美七国际快递,usa7ex
速翼快递,usasueexpress
优时派,uspeedex
UVAN宇环通快递,uvan56
万加国际,vanjexpress
维普恩物流,vps
豌豆物流,wandougongzhu
万里锦绣,wanlijinxiu
万里物流,wanliwuliu
万宇运通,wanyuyuntong
WATT,watt
WCXEX,wcxex
万达美,wdm
Weaship,weaship
世航通运,welogistics
We World Express,weworldexpress
威速递,wexpress
位像素,wexsu
Whats Ship,whatsship
万邑通,winit
Wish邮政,wishpost
万盟云仓,wmycc
上海领链物流,wooolink
达派思供应链,worlddps
环世物流,worldwidelogistics
渭鹏速递,wpost56
五六快运,wuliuky
欧利,wxolys
远辉物流,wxyuanhui
惠程荣达,xchcrd
鑫宏福物流,xhf56
鑫鸿辉物流,xhhwl
新宏达物流,xhongda56
翔腾物流,xiangteng
西安喜来快递,xilaikd
心驰物流,xinchi
兴安达物流,xinganda
星速国际,xingsuexp
新元快递,xingyuankuaidi
行运易,xingyunyi
新颜物流,xinyan
鑫宇达,xinyuda
雄九供应链,xiongjiu168
快弟来了,xlair
环球递,xmgesc
隆新顺物流,xmlxswl
XRU俄速递,xru
新树物流,xsexp
鑫世锐达,xsrd
讯田国际,xtl
XYS Logistics,xyslogistics
亚风速递,yafengsudi
亚泰货运,yatai
一辉物流,yatfai
邮必达,ybdexpress
一代国际,ydex
羿德国际,ydexp
云达通,ydglobe
亿德隆物流,ydl56
驿广物流,ygwl
宇航通物流,yhtlogistics
一邦速递,yibangwuliu
易达通,yidatong
驿递汇速递,yidihui
一丁目,yidingmu
宜送物流,yiex
易航物流,yihangmall
亿领速运,yilingsuyun
亿隆速运,yilongex
一路运转,yiluyz
英诺供应链,yingnuo
银捷速递,yinjiesudi
一起送,yiqisong
宜送,yisong
易速物流,yisuwuliu
易通达,yitongda
易翔国际物流,yixiang
益加盛快递,yjs
颐龙速递,ylexp
亚历克斯供应链,ylkswl
J&T云路供应链物流,ylscm
邮驿帮高铁速运,youyibang
优时达供应链,ysdpost
鼹鼠快送,ysexpress
永世通物流,ystsd
承诺达,ytchengnuoda
运通快运,ytky168
远成物流,yuanchengwuliu
杭州宇地,yudiexp
粤九通物流,yuejiutong
御风速运,yufeng
玉林物流,yulin
裕隆物流,yulongwuliu
蕴国物流,yunguo56
广州云间国际,yunjian
彧腾国际,yutengguoji
宇智物流,yuzhi56
百洲货运,ywbzexpress
畅俊国际,ywcjgj
华跃国际,ywhygj
乐奕国际,ywleyi
悦希国际物流,yxilogistics
一沅国际物流,yyexpress
一运全成物流,yyqc56
顺联城,yzex
源之康物流,yzk56
浩运物流,zbhy56
珠峰速运,zf365
志方物流,zfex56
途兴供应链,zgtux
展宏物流,zhanhon
众辉达物流,zhdwl
喆利,zheli56
智联达,zhilianda
志腾物流,zhitengwuliu
中安物流,zhonganhuoyun
众邦物流,zhongbang
中技物流,zhongjiwuliu
中快货运,zhongkuai
众链供应链,zhonglian
中天万运,zhongtianwanyun
中韵物流,zhongyunwuliu
逐电快运,zhudiankuaiyun
卓庆物流,zhuoqingwl
以星物流,zimlogistics
Zippex,zippyexpress
正石供应链,zisone
智杰达供应链,zjd123
众鹿物流,zlwww
ZMC EXPRESS,zmcexpress
集合派,zmetaport
转瞬达集运,zsda56
飞速国际,zsgjky
明扬国际,zsmy56
中途国际速递,ztsdu
